sample_index,alpha_1_fp32,alpha_1_int8,alpha_1_abs_error,alpha_2_fp32,alpha_2_int8,alpha_2_abs_error,alpha_3_fp32,alpha_3_int8,alpha_3_abs_error,alpha_4_fp32,alpha_4_int8,alpha_4_abs_error,alpha_5_fp32,alpha_5_int8,alpha_5_abs_error,alpha_6_fp32,alpha_6_int8,alpha_6_abs_error,alpha_7_fp32,alpha_7_int8,alpha_7_abs_error,alpha_8_fp32,alpha_8_int8,alpha_8_abs_error,alpha_9_fp32,alpha_9_int8,alpha_9_abs_error,alpha_10_fp32,alpha_10_int8,alpha_10_abs_error,alpha_11_fp32,alpha_11_int8,alpha_11_abs_error,alpha_12_fp32,alpha_12_int8,alpha_12_abs_error,alpha_13_fp32,alpha_13_int8,alpha_13_abs_error,alpha_14_fp32,alpha_14_int8,alpha_14_abs_error,alpha_15_fp32,alpha_15_int8,alpha_15_abs_error,alpha_16_fp32,alpha_16_int8,alpha_16_abs_error,alpha_17_fp32,alpha_17_int8,alpha_17_abs_error
0,0.26589453,0.27048582,0.004591286,0.3263417,0.32283792,0.0035037696,0.51077646,0.50607026,0.004706204,0.5890528,0.58459836,0.004454434,0.7652128,0.7678307,0.0026179552,0.84351754,0.84635884,0.0028412938,0.9969374,0.99468976,0.0022476315,1.1124576,1.1168447,0.004387021,1.1973951,1.2040981,0.006703019,1.2861978,1.2826263,0.0035715103,1.4911969,1.4920347,0.0008378029,1.5778258,1.5792881,0.0014623404,1.7266984,1.727619,0.00092065334,1.8387184,1.8410486,0.002330184,1.9602367,1.9632035,0.0029668808,2.1228342,2.1289852,0.006150961,2.224964,2.224964,0.0
1,0.2657539,0.27048582,0.0047319233,0.3263132,0.32283792,0.0034752786,0.5106285,0.50607026,0.004558265,0.58897114,0.58459836,0.0043727756,0.76524514,0.7678307,0.00258559,0.8432076,0.84635884,0.003151238,0.99681515,0.99468976,0.0021253824,1.1118965,1.1081192,0.0037772655,1.196911,1.2040981,0.007187128,1.2855865,1.2826263,0.002960205,1.4912486,1.4920347,0.00078606606,1.5774398,1.5792881,0.00184834,1.7262653,1.727619,0.0013537407,1.8381907,1.8410486,0.0028579235,1.9595228,1.9632035,0.003680706,2.1219432,2.1202598,0.0016834736,2.2240384,2.2162385,0.007799864
2,0.26561344,0.27048582,0.0048723817,0.3262848,0.32283792,0.003446877,0.51048076,0.50607026,0.0044105053,0.5888897,0.58459836,0.0042913556,0.76527715,0.7678307,0.0025535822,0.8428982,0.84635884,0.0034606457,0.9966933,0.99468976,0.0020035505,1.1113364,1.1081192,0.003217101,1.1964277,1.1953728,0.001054883,1.2849764,1.2826263,0.002350092,1.4913,1.4920347,0.00073468685,1.5770545,1.5792881,0.0022336245,1.7258332,1.727619,0.0017858744,1.8376635,1.8323233,0.0053402185,1.9588101,1.9632035,0.0043934584,2.1210537,2.1202598,0.00079393387,2.2231147,2.2162385,0.0068762302
3,0.2654728,0.27048582,0.005013019,0.32625628,0.33156326,0.005306989,0.51033276,0.50607026,0.004262507,0.5888081,0.58459836,0.004209757,0.7653094,0.7678307,0.002521336,0.8425884,0.8376335,0.004954934,0.9965712,0.99468976,0.0018814206,1.1107752,1.1081192,0.002655983,1.1959438,1.2040981,0.008154273,1.284365,1.2826263,0.0017387867,1.4913516,1.4920347,0.00068306923,1.5766687,1.5792881,0.0026193857,1.7254003,1.727619,0.0022187233,1.8371357,1.8323233,0.00481236,1.9580963,1.9632035,0.0051072836,2.1201627,2.1202598,9.703636e-05,2.2221892,2.224964,0.0027747154
4,0.26533213,0.27048582,0.005153686,0.3262278,0.32283792,0.003389895,0.5101848,0.50607026,0.0041145682,0.58872646,0.58459836,0.0041280985,0.76534146,0.7678307,0.0024892688,0.8422784,0.84635884,0.004080415,0.9964492,0.99468976,0.0017594099,1.1102142,1.1081192,0.002094984,1.1954597,1.1953728,8.690357e-05,1.283754,1.2826263,0.0011277199,1.4914032,1.4920347,0.0006314516,1.5762827,1.5792881,0.0030053854,1.7249674,1.727619,0.0026516914,1.8366078,1.8323233,0.004284501,1.9573822,1.9632035,0.0058213472,2.1192715,2.1202598,0.000988245,2.2212641,2.2162385,0.005025625
5,0.26519164,0.27048582,0.005294174,0.32619935,0.33156326,0.0053639114,0.510037,0.50607026,0.0039667487,0.5886449,0.58459836,0.0040465593,0.7653735,0.7678307,0.0024572015,0.841969,0.8376335,0.0043355227,0.99632734,0.99468976,0.001637578,1.1096541,1.1081192,0.0015348196,1.1949764,1.1953728,0.0003963709,1.2831438,1.2826263,0.0005174875,1.491455,1.4920347,0.0005797148,1.5758975,1.5792881,0.0033906698,1.7245349,1.727619,0.0030841827,1.8360808,1.8410486,0.0049678087,1.9566694,1.9632035,0.0065340996,2.118382,2.1202598,0.0018777847,2.22034,2.2162385,0.004101515
6,0.265051,0.27048582,0.005434811,0.32617086,0.33156326,0.0053924024,0.509889,0.50607026,0.0038187504,0.58856326,0.58459836,0.003964901,0.7654057,0.7678307,0.002425015,0.8416592,0.8376335,0.0040256977,0.9962051,0.99468976,0.0015153289,1.109093,1.1081192,0.0009737015,1.1944921,1.1953728,0.00088071823,1.2825325,1.2826263,9.381771e-05,1.4915066,1.4920347,0.00052809715,1.5755115,1.5792881,0.0037766695,1.7241021,1.727619,0.0035169125,1.8355528,1.8323233,0.0032294989,1.9559555,1.9632035,0.007248044,2.1174908,2.1202598,0.0027689934,2.2194147,2.2162385,0.0031762123
7,0.26491037,0.26176047,0.0031498969,0.3261424,0.32283792,0.0033044815,0.50974107,0.50607026,0.0036708117,0.5884817,0.58459836,0.0038833618,0.76543784,0.7678307,0.002392888,0.84134924,0.8376335,0.0037157536,0.99608314,0.99468976,0.0013933778,1.108532,1.1081192,0.00041270256,1.1940081,1.1953728,0.001364708,1.2819214,1.2826263,0.00070488453,1.4915581,1.4920347,0.00047659874,1.5751255,1.5705628,0.0045626163,1.7236692,1.727619,0.0039498806,1.8350251,1.8323233,0.0027017593,1.9552414,1.9544781,0.0007632971,2.1165996,2.1115344,0.0050652027,2.2184894,2.2162385,0.0022509098
8,0.2647699,0.26176047,0.0030094385,0.32611397,0.32283792,0.00327605,0.5095933,0.50607026,0.0035230517,0.5884002,0.58459836,0.0038018227,0.7654701,0.7678307,0.002360642,0.8410399,0.8376335,0.0034064054,0.99596125,0.99468976,0.0012714863,1.1079718,1.1081192,0.00014746189,1.1935248,1.1953728,0.0018479824,1.2813112,1.273901,0.0074101686,1.4916098,1.4920347,0.0004248619,1.5747404,1.5705628,0.0041775703,1.723237,1.727619,0.0043820143,1.834498,1.8410486,0.0065505505,1.9545288,1.9544781,5.0663948e-05,2.11571,2.1115344,0.004175663,2.2175655,2.2162385,0.0013270378
9,0.26462924,0.27048582,0.0058565736,0.32608548,0.32283792,0.003247559,0.5094453,0.50607026,0.0033750534,0.5883185,0.58459836,0.0037201643,0.7655022,0.7678307,0.002328515,0.84072995,0.8376335,0.0030964613,0.9958392,0.99468976,0.001149416,1.1074107,1.1081192,0.00070858,1.1930407,1.1953728,0.0023320913,1.2807,1.273901,0.0067989826,1.4916615,1.4920347,0.00037312508,1.5743544,1.5705628,0.0037915707,1.722804,1.727619,0.0048151016,1.8339701,1.8323233,0.0016467571,1.9538147,1.9632035,0.009388804,2.1148188,2.1115344,0.0032844543,2.2166402,2.2162385,0.0004017353
10,0.26448858,0.27048582,0.0059972405,0.32605702,0.32283792,0.0032190979,0.5092974,0.50607026,0.0032271147,0.5882369,0.58459836,0.0036385655,0.7655342,0.7678307,0.0022965074,0.84041995,0.8376335,0.0027864575,0.99571717,0.99468976,0.0010274053,1.1068497,1.1081192,0.0012695789,1.1925567,1.1953728,0.002816081,1.2800888,1.273901,0.0061877966,1.491713,1.4920347,0.00032162666,1.5739684,1.5705628,0.003405571,1.7223711,1.727619,0.0052479506,1.8334423,1.8323233,0.0011190176,1.9531008,1.9632035,0.010102749,2.1139278,2.1115344,0.002393484,2.2157152,2.2162385,0.0005233288
11,0.26434815,0.27048582,0.006137669,0.32602853,0.32283792,0.0031906068,0.50914955,0.5147956,0.00564605,0.5881554,0.58459836,0.0035570264,0.7655664,0.7678307,0.0022643209,0.84011066,0.8376335,0.002477169,0.99559516,0.99468976,0.00090539455,1.1062894,1.1081192,0.0018298626,1.1920733,1.1953728,0.0032994747,1.2794785,1.273901,0.0055775642,1.4917647,1.4920347,0.00027000904,1.5735831,1.5705628,0.0030202866,1.7219388,1.727619,0.0056802034,1.8329152,1.8323233,0.0005918741,1.9523882,1.9544781,0.0020899773,2.1130383,2.1115344,0.0015039444,2.214791,2.2162385,0.0014474392
12,0.26420748,0.27048582,0.006278336,0.32600006,0.32283792,0.0031621456,0.50900155,0.50607026,0.0029312968,0.5880738,0.58459836,0.0034754276,0.76559865,0.7678307,0.0022320747,0.8398007,0.8376335,0.002167225,0.9954732,0.99468976,0.00078344345,1.1057284,1.1081192,0.0023908615,1.1915894,1.1953728,0.0037834644,1.2788675,1.273901,0.0049664974,1.4918163,1.4920347,0.00021839142,1.5731971,1.5705628,0.0026342869,1.7215059,1.7188938,0.002612114,1.8323873,1.8323233,6.401539e-05,1.9516742,1.9544781,0.0028039217,2.1121469,2.1115344,0.00061249733,2.2138655,2.2162385,0.0023729801
13,0.26406682,0.27048582,0.006419003,0.3259716,0.32283792,0.0031336844,0.50885355,0.50607026,0.0027832985,0.5879922,0.58459836,0.0033938289,0.76563066,0.7678307,0.002200067,0.8394908,0.8376335,0.0018572807,0.9953512,0.99468976,0.00066143274,1.1051673,1.1081192,0.0029519796,1.191105,1.1953728,0.004267812,1.2782562,1.273901,0.004355192,1.4918679,1.4920347,0.0001667738,1.5728111,1.5705628,0.0022482872,1.721073,1.7188938,0.002179265,1.8318595,1.8323233,0.00046384335,1.9509602,1.9544781,0.0035179853,2.111256,2.1115344,0.0002784729,2.2129402,2.2075133,0.0054268837
14,0.2639264,0.27048582,0.0065594316,0.32594317,0.32283792,0.003105253,0.50870585,0.5147956,0.006089747,0.58791065,0.58459836,0.0033122897,0.76566285,0.7678307,0.0021678805,0.8391814,0.8376335,0.0015479326,0.99522924,0.99468976,0.00053948164,1.1046071,1.1081192,0.003512144,1.1906217,1.1953728,0.0047510862,1.277646,1.273901,0.0037449598,1.4919194,1.4920347,0.00011527538,1.5724258,1.5792881,0.0068622828,1.7206407,1.7188938,0.0017468929,1.8313323,1.8323233,0.0009909868,1.9502474,1.9544781,0.0042307377,2.110366,2.1115344,0.001168251,2.2120163,2.2162385,0.0042221546
15,0.26378572,0.27048582,0.0067000985,0.32591465,0.33156326,0.005648613,0.5085578,0.5147956,0.006237805,0.58782905,0.58459836,0.003230691,0.76569515,0.7678307,0.0021355748,0.83887154,0.8376335,0.0012380481,0.9951071,0.99468976,0.00041735172,1.104046,1.1081192,0.004073262,1.1901377,1.1953728,0.005235076,1.2770348,1.273901,0.0031337738,1.4919711,1.4920347,6.353855e-05,1.5720401,1.5705628,0.0014772415,1.7202076,1.7188938,0.0013138056,1.8308045,1.8323233,0.0015188456,1.9495336,1.9544781,0.004944563,2.1094751,2.1115344,0.0020592213,2.211091,2.2162385,0.005147457
16,0.26364505,0.27048582,0.0068407655,0.32588622,0.32283792,0.0030483007,0.50840986,0.50607026,0.0023396015,0.5877474,0.58459836,0.0031490326,0.7657272,0.7678307,0.0021035075,0.83856165,0.8376335,0.0009281635,0.9949851,0.99468976,0.00029534101,1.103485,1.1081192,0.004634261,1.1896535,1.1953728,0.005719304,1.2764235,1.273901,0.0025224686,1.4920229,1.4920347,1.180172e-05,1.5716541,1.5705628,0.0010912418,1.7197748,1.7188938,0.00088107586,1.8302766,1.8323233,0.0020467043,1.9488196,1.9544781,0.0056585073,2.1085842,2.1115344,0.0029501915,2.2101657,2.2075133,0.0026524067
17,0.26350456,0.27048582,0.0069812536,0.3258578,0.33156326,0.005705476,0.5082621,0.50607026,0.0021918416,0.5876659,0.58459836,0.003067553,0.76575935,0.7678307,0.0020713806,0.83825225,0.8376335,0.0006187558,0.9948633,0.99468976,0.00017350912,1.1029248,1.1081192,0.0051944256,1.1891702,1.1953728,0.0062025785,1.2758135,1.273901,0.0019124746,1.4920744,1.4920347,3.9696693e-05,1.5712688,1.5705628,0.0007059574,1.7193426,1.7188938,0.00044882298,1.8297497,1.8323233,0.0025736094,1.9481068,1.9544781,0.006371379,2.1076944,2.1115344,0.0038399696,2.209242,2.2162385,0.006996393
18,0.26336396,0.26176047,0.0016034842,0.3258293,0.32283792,0.0029913783,0.5081141,0.50607026,0.0020438433,0.58758426,0.58459836,0.0029858947,0.76579154,0.7678307,0.002039194,0.83794236,0.8376335,0.00030887127,0.99474114,0.99468976,5.1379204e-05,1.1023637,1.1081192,0.0057555437,1.1886861,1.1953728,0.0066866875,1.2752022,1.273901,0.0013011694,1.492126,1.4920347,9.1314316e-05,1.5708828,1.5705628,0.00031995773,1.7189095,1.7188938,1.5735626e-05,1.8292217,1.8323233,0.0031015873,1.947393,1.9457527,0.0016402006,2.1068032,2.1028092,0.003993988,2.2083166,2.2075133,0.0008032322
19,0.26322326,0.27048582,0.0072625577,0.3258008,0.33156326,0.005762458,0.50796604,0.50607026,0.0018957853,0.58750266,0.58459836,0.002904296,0.7658236,0.7765561,0.010732472,0.83763236,0.8376335,1.1324883e-06,0.9946189,0.99468976,7.086992e-05,1.1018027,1.1081192,0.0063165426,1.1882021,1.1953728,0.007170677,1.2745911,1.273901,0.0006901026,1.4921778,1.4920347,0.00014317036,1.5704968,1.5792881,0.0087913275,1.7184767,1.7188938,0.0004171133,1.828694,1.8323233,0.0036293268,1.9466789,1.9544781,0.007799268,2.105912,2.1115344,0.005622387,2.2073913,2.2162385,0.008847237
20,0.26308286,0.27048582,0.0074029565,0.32577235,0.33156326,0.005790919,0.5078184,0.50607026,0.0017481446,0.5874211,0.58459836,0.0028227568,0.76585585,0.7678307,0.0019748807,0.83732307,0.8376335,0.000310421,0.99449694,0.99468976,0.00019282103,1.1012425,1.1081192,0.006876707,1.1877187,1.1953728,0.007654071,1.2739806,1.273901,7.9631805e-05,1.4922291,1.4920347,0.00019443035,1.5701115,1.5705628,0.00045132637,1.7180444,1.7188938,0.0008493662,1.8281666,1.8323233,0.0041567087,1.945966,1.9457527,0.00021326542,2.1050224,2.1115344,0.0065119267,2.2064674,2.2075133,0.0010459423
21,0.2629422,0.27048582,0.0075436234,0.3257439,0.33156326,0.0058193505,0.5076704,0.5147956,0.007125199,0.5873395,0.58459836,0.002741158,0.7658881,0.7678307,0.0019426346,0.8370131,0.8376335,0.00062036514,0.99437493,0.99468976,0.00031483173,1.1006814,1.1081192,0.007437825,1.1872346,1.1953728,0.00813818,1.2733697,1.273901,0.0005313158,1.4922808,1.4920347,0.00024616718,1.5697255,1.5705628,0.00083732605,1.7176114,1.7188938,0.0012823343,1.827639,1.8323233,0.004684329,1.9452522,1.9457527,0.0005005598,2.1041312,2.1028092,0.001322031,2.2055423,2.2075133,0.0019710064
22,0.26280156,0.27048582,0.0076842606,0.3257154,0.33156326,0.0058478713,0.50752234,0.5147956,0.007273257,0.58725786,0.58459836,0.0026594996,0.76592004,0.7678307,0.0019106865,0.8367032,0.8376335,0.0009303093,0.9942528,0.99468976,0.00043696165,1.1001204,1.1081192,0.007998824,1.1867507,1.1866474,0.000103235245,1.2727584,1.273901,0.001142621,1.4923326,1.4920347,0.00029790401,1.5693398,1.5705628,0.0012230873,1.7171785,1.7188938,0.0017153025,1.827111,1.8323233,0.005212307,1.9445384,1.9457527,0.001214385,2.1032403,2.1028092,0.0004310608,2.2046165,2.2075133,0.0028967857
23,0.2626611,0.27048582,0.007824719,0.325687,0.33156326,0.005876273,0.50737464,0.5147956,0.007420957,0.5871763,0.58459836,0.0025779605,0.7659522,0.7678307,0.0018785,0.8363938,0.8376335,0.001239717,0.9941311,0.99468976,0.00055867434,1.0995603,1.099394,0.00016629696,1.186267,1.1866474,0.00038039684,1.2721479,1.273901,0.0017530918,1.4923841,1.4920347,0.00034940243,1.5689545,1.5705628,0.0016083717,1.7167462,1.7188938,0.0021475554,1.8265841,1.8323233,0.005739212,1.9438255,1.9457527,0.0019272566,2.1023507,2.1028092,0.00045847893,2.2036927,2.2075133,0.0038206577
24,0.26252043,0.26176047,0.0007599592,0.3256585,0.32283792,0.0028205812,0.50722665,0.5147956,0.0075689554,0.58709484,0.58459836,0.002496481,0.7659843,0.7678307,0.0018464327,0.83608395,0.8376335,0.001549542,0.9940091,0.99468976,0.00068068504,1.0989991,1.1081192,0.009120107,1.1857833,1.1866474,0.00086414814,1.2715372,1.273901,0.002363801,1.4924357,1.4920347,0.00040102005,1.5685685,1.5705628,0.0019943714,1.7163134,1.7188938,0.0025804043,1.8260561,1.8323233,0.00626719,1.9431117,1.9457527,0.0026410818,2.1014595,2.1028092,0.0013496876,2.2027676,2.2075133,0.004745722
25,0.26238984,0.27048582,0.00809598,0.3256381,0.32283792,0.0028001666,0.5070796,0.50607026,0.001009345,0.5870239,0.58459836,0.0024255514,0.7660386,0.7765561,0.010517478,0.83578664,0.8376335,0.0018468499,0.9938868,0.9859644,0.007922411,1.0984509,1.099394,0.0009430647,1.1853018,1.1866474,0.0013456345,1.2709258,1.2651756,0.0057501793,1.4925034,1.4920347,0.00046873093,1.5681963,1.5705628,0.0023665428,1.7158879,1.7188938,0.0030058622,1.8255355,1.8235979,0.0019376278,1.9424055,1.9457527,0.0033472776,2.1005871,2.1028092,0.0022220612,2.2018626,2.2075133,0.0056507587
26,0.26237738,0.27048582,0.008108437,0.32571238,0.32283792,0.0028744638,0.5069433,0.50607026,0.00087302923,0.58708006,0.58459836,0.002481699,0.7663513,0.7765561,0.010204792,0.8356372,0.8376335,0.0019962788,0.993765,0.99468976,0.00092476606,1.0980525,1.099394,0.0013414621,1.1848551,1.1866474,0.0017923117,1.2703156,1.273901,0.0035853386,1.4927595,1.4920347,0.0007247925,1.5679865,1.5705628,0.0025763512,1.7155503,1.7188938,0.003343463,1.8251004,1.8235979,0.0015025139,1.9417913,1.9457527,0.003961444,2.0999339,2.1028092,0.002875328,2.2011976,2.2075133,0.006315708
27,0.26236492,0.27048582,0.008120894,0.3257868,0.32283792,0.0029488802,0.5068068,0.50607026,0.0007365346,0.5871362,0.58459836,0.0025378466,0.76666427,0.7765561,0.009891808,0.8354875,0.8376335,0.0021460056,0.99364287,0.99468976,0.001046896,1.0976535,1.099394,0.0017404556,1.1844077,1.1866474,0.0022397041,1.2697042,1.2651756,0.0045286417,1.4930158,1.4920347,0.0009810925,1.567776,1.5705628,0.0027868748,1.715212,1.7188938,0.003681779,1.8246647,1.8235979,0.0010668039,1.9411762,1.9457527,0.004576564,2.0992794,2.1028092,0.003529787,2.2005312,2.198788,0.0017433167
28,0.26235247,0.27048582,0.008133352,0.32586122,0.32283792,0.0030232966,0.5066703,0.50607026,0.00060003996,0.5871924,0.58459836,0.0025940537,0.7669775,0.7678307,0.0008532405,0.8353378,0.8376335,0.002295673,0.99352086,0.99468976,0.0011689067,1.0972545,1.099394,0.0021394491,1.1839602,1.1866474,0.0026872158,1.269093,1.2651756,0.0039174557,1.4932723,1.4920347,0.0012376308,1.5675657,1.5705628,0.00299716,1.714874,1.7188938,0.0040197372,1.824229,1.8235979,0.000631094,1.9405613,1.9457527,0.0051914454,2.0986252,2.0940838,0.004541397,2.1998653,2.198788,0.0010774136
29,0.26234004,0.27048582,0.008145779,0.32593548,0.32283792,0.003097564,0.5065341,0.50607026,0.00046384335,0.58724856,0.58459836,0.0026502013,0.76729006,0.7765561,0.009266019,0.8351884,0.8376335,0.0024451017,0.9933988,0.99468976,0.001290977,1.096856,1.099394,0.0025379658,1.1835134,1.1866474,0.0031340122,1.2684828,1.2651756,0.0033072233,1.4935285,1.4920347,0.0014938116,1.5673556,1.5705628,0.0032072067,1.7145364,1.7188938,0.004357338,1.8237938,1.8235979,0.00019586086,1.939947,1.9457527,0.005805731,2.097972,2.1028092,0.0048372746,2.1992004,2.198788,0.00041246414
30,0.26232755,0.27048582,0.008158267,0.32600987,0.32283792,0.0031719506,0.5063976,0.50607026,0.0003273487,0.5873047,0.58459836,0.002706349,0.76760304,0.7765561,0.008953035,0.8350387,0.8376335,0.002594769,0.99327683,0.99468976,0.0014129281,1.096457,1.099394,0.0029369593,1.183066,1.1866474,0.0035814047,1.2678719,1.2651756,0.0026962757,1.4937849,1.4920347,0.0017502308,1.5671453,1.5705628,0.003417492,1.7141982,1.7188938,0.0046955347,1.823358,1.8235979,0.00023984909,1.9393319,1.9457527,0.0064208508,2.0973175,2.0940838,0.0032336712,2.1985343,2.198788,0.00025367737
31,0.26231512,0.27048582,0.008170694,0.32608426,0.33156326,0.005479008,0.50626117,0.50607026,0.00019091368,0.58736086,0.58459836,0.0027624965,0.7679161,0.7765561,0.008639991,0.834889,0.8376335,0.0027444959,0.99315464,0.9859644,0.0071902275,1.0960579,1.099394,0.003336072,1.1826184,1.1866474,0.0040290356,1.2672606,1.2651756,0.0020849705,1.4940412,1.4920347,0.0020065308,1.5669348,1.5705628,0.0036280155,1.7138602,1.7188938,0.0050336123,1.8229223,1.8235979,0.00067555904,1.938717,1.9457527,0.0070357323,2.0966632,2.0940838,0.0025794506,2.1978683,2.198788,0.00091958046
32,0.26230264,0.27048582,0.008183181,0.3261586,0.32283792,0.003320694,0.5061249,0.50607026,5.465746e-05,0.587417,0.58459836,0.002818644,0.7682289,0.7765561,0.008327186,0.8347396,0.8376335,0.002893865,0.99303293,0.99468976,0.0016568303,1.0956595,1.099394,0.0037344694,1.1821717,1.1866474,0.004475713,1.2666503,1.2651756,0.0014747381,1.4942971,1.4920347,0.002262473,1.566725,1.5705628,0.0038378239,1.7135226,1.7188938,0.005371213,1.8224872,1.8235979,0.001110673,1.9381028,1.9457527,0.0076498985,2.09601,2.0940838,0.0019261837,2.1972032,2.198788,0.0015847683
33,0.2622902,0.27048582,0.008195609,0.32623306,0.32283792,0.0033951402,0.5059884,0.50607026,8.183718e-05,0.5874732,0.58459836,0.0028748512,0.7685419,0.7765561,0.008014202,0.83458984,0.8376335,0.0030436516,0.99291086,0.99468976,0.0017789006,1.0952606,1.099394,0.0041333437,1.1817241,1.1866474,0.0049233437,1.2660391,1.2651756,0.0008635521,1.4945538,1.4920347,0.0025191307,1.5665147,1.5705628,0.004048109,1.7131846,1.7188938,0.0057091713,1.8220514,1.8235979,0.0015465021,1.9374877,1.9370275,0.00046026707,2.0953555,2.0940838,0.0012717247,2.196537,2.198788,0.0022509098
34,0.26227772,0.27048582,0.008208096,0.32630745,0.32283792,0.0034695268,0.505852,0.50607026,0.00021827221,0.5875294,0.58459836,0.0029310584,0.76885504,0.7765561,0.0077010393,0.8344402,0.8376335,0.0031933188,0.99278885,0.99468976,0.0019009113,1.0948616,1.099394,0.004532337,1.1812768,1.1866474,0.005370617,1.2654281,1.2651756,0.00025248528,1.4948101,1.4920347,0.0027754307,1.5663042,1.5705628,0.0042586327,1.7128462,1.7188938,0.0060476065,1.8216157,1.8235979,0.001982212,1.9368727,1.9457527,0.008880019,2.094701,2.0940838,0.0006172657,2.195871,2.198788,0.002916813
35,0.26226526,0.27048582,0.008220553,0.32638168,0.33156326,0.005181581,0.50571567,0.50607026,0.00035458803,0.5875855,0.58459836,0.0029871464,0.7691674,0.7765561,0.0073886514,0.8342907,0.8376335,0.0033428073,0.992667,0.99468976,0.0020227432,1.0944631,1.099394,0.004930854,1.1808298,1.1866474,0.0058176517,1.2648176,1.2651756,0.0003579855,1.4950662,1.4920347,0.0030314922,1.5660942,1.5705628,0.0044686794,1.7125087,1.7188938,0.006385088,1.8211806,1.8235979,0.002417326,1.9362584,1.9370275,0.0007690191,2.094048,2.0940838,3.5762787e-05,2.195206,2.1900625,0.005143404
36,0.26225278,0.27048582,0.008233041,0.32645613,0.33156326,0.0051071346,0.5055792,0.50607026,0.00049108267,0.58764166,0.58459836,0.003043294,0.7694805,0.7765561,0.007075548,0.834141,0.8376335,0.0034924746,0.9925448,0.9859644,0.006580353,1.0940641,1.099394,0.0053298473,1.1803824,1.1866474,0.006265044,1.2642065,1.2651756,0.0009690523,1.4953225,1.4920347,0.0032877922,1.5658839,1.5705628,0.0046789646,1.7121704,1.7101684,0.0020020008,1.8207449,1.8148725,0.005872369,1.9356434,1.9370275,0.0013840199,2.0933936,2.0940838,0.0006902218,2.1945398,2.1900625,0.0044772625
37,0.26224032,0.27048582,0.008245498,0.32653052,0.32283792,0.0036925972,0.50544274,0.50607026,0.0006275177,0.58769786,0.58459836,0.0030995011,0.7697937,0.7765561,0.0067623854,0.83399135,0.8376335,0.0036421418,0.99242276,0.99468976,0.002267003,1.093665,1.099394,0.00572896,1.1799349,1.1866474,0.006712556,1.2635955,1.2651756,0.0015801191,1.4955788,1.4920347,0.0035440922,1.5656736,1.5705628,0.00488925,1.7118324,1.7101684,0.0016640425,1.8203092,1.8235979,0.0032887459,1.9350286,1.9370275,0.0019989014,2.0927393,2.0940838,0.0013444424,2.1938736,2.1900625,0.003811121
38,0.26230007,0.27048582,0.008185744,0.32668108,0.33156326,0.0048821867,0.505407,0.50607026,0.0006632805,0.5878242,0.58459836,0.003225863,0.77038354,0.7765561,0.006172538,0.83392644,0.8376335,0.0037070513,0.99251044,0.99468976,0.0021793246,1.0934397,1.099394,0.0059542656,1.1799866,1.1866474,0.006660819,1.2633568,1.2651756,0.0018187761,1.4961575,1.4920347,0.0041228533,1.5658026,1.5705628,0.0047602654,1.7119589,1.7101684,0.0017905235,1.8202349,1.8148725,0.0053623915,1.9348302,1.9370275,0.0021972656,2.0925295,2.0940838,0.0015542507,2.1937065,2.1900625,0.0036439896
39,0.26218376,0.27048582,0.008302063,0.32660344,0.33156326,0.0049598217,0.50548714,0.50607026,0.00058311224,0.5878692,0.58459836,0.0032708645,0.77045715,0.7765561,0.006098926,0.83372146,0.8376335,0.0039120317,0.9928829,0.99468976,0.0018068552,1.0930271,1.099394,0.006366849,1.1801486,1.1866474,0.0064988136,1.263252,1.2651756,0.0019235611,1.496302,1.50076,0.0044579506,1.5655496,1.5705628,0.0050132275,1.7121309,1.7101684,0.0019625425,1.820183,1.8148725,0.0053105354,1.9345618,1.9370275,0.0024656057,2.0920296,2.0940838,0.0020542145,2.193396,2.1900625,0.0033335686
40,0.26206908,0.27048582,0.008416742,0.32642952,0.33156326,0.005133748,0.5054647,0.50607026,0.0006055832,0.58776224,0.58459836,0.0031638741,0.77045184,0.7765561,0.006104231,0.8335082,0.8376335,0.004125297,0.9931692,0.99468976,0.0015205741,1.0925325,1.099394,0.0068614483,1.1804386,1.1866474,0.0062087774,1.2630856,1.2651756,0.0020899773,1.49633,1.50076,0.0044299364,1.5652502,1.5705628,0.005312681,1.7123108,1.7188938,0.0065829754,1.8199831,1.8148725,0.0051106215,1.9344611,1.9370275,0.0025663376,2.0915453,2.0940838,0.0025384426,2.193007,2.1900625,0.0029444695
41,0.2619697,0.27048582,0.008516133,0.32619637,0.32283792,0.0033584535,0.5053566,0.50607026,0.0007136464,0.5875419,0.58459836,0.0029435158,0.7704269,0.7765561,0.0061291456,0.83330065,0.8376335,0.0043328404,0.99337655,0.99468976,0.0013132095,1.0919914,1.099394,0.0074025393,1.1808413,1.1866474,0.0058060884,1.2628754,1.2651756,0.0023001432,1.4963045,1.50076,0.004455447,1.564951,1.5705628,0.0056118965,1.7125105,1.7188938,0.0063833,1.8196769,1.8235979,0.003921032,1.9345126,1.9370275,0.0025148392,2.0911088,2.0940838,0.002974987,2.192583,2.1900625,0.0025205612
42,0.26187018,0.27048582,0.008615643,0.32596284,0.32283792,0.0031249225,0.50524837,0.50607026,0.00082188845,0.5873212,0.58459836,0.0027228594,0.7704023,0.7765561,0.0061537623,0.8330928,0.82890815,0.0041846633,0.993584,0.99468976,0.0011057854,1.0914495,1.0906686,0.00078094006,1.1812444,1.1866474,0.005403042,1.262665,1.2651756,0.0025105476,1.496279,1.4920347,0.0042443275,1.5646513,1.5618374,0.002813816,1.7127107,1.7188938,0.006183028,1.8193703,1.8148725,0.0044977665,1.9345644,1.9370275,0.0024631023,2.0906715,2.0940838,0.0034122467,2.1921585,2.1900625,0.0020959377
43,0.26177067,0.27048582,0.008715153,0.32572934,0.32283792,0.0028914213,0.5051401,0.50607026,0.0009301305,0.5871005,0.58459836,0.0025021434,0.7703774,0.7765561,0.006178677,0.83288497,0.82890815,0.003976822,0.9937914,0.99468976,0.0008983612,1.0909076,1.0906686,0.00023901463,1.1816475,1.1866474,0.004999876,1.2624543,1.2651756,0.0027213097,1.4962534,1.4920347,0.0042186975,1.5643513,1.5618374,0.0025138855,1.7129107,1.7188938,0.0059831142,1.8190637,1.8148725,0.00419116,1.934616,1.9370275,0.0024114847,2.0902343,2.0940838,0.0038495064,2.1917336,2.1900625,0.0016710758
44,0.2616713,0.27048582,0.008814514,0.32549623,0.32283792,0.0026583076,0.5050321,0.50607026,0.0010381341,0.5868803,0.58459836,0.0022819638,0.77035266,0.7765561,0.006203413,0.8326775,0.82890815,0.0037693381,0.9939986,0.99468976,0.00069117546,1.0903665,1.0906686,0.00030207634,1.1820502,1.1866474,0.004597187,1.2622442,1.2651756,0.0029313564,1.4962277,1.50076,0.004532218,1.5640521,1.5618374,0.0022146702,1.7131104,1.7188938,0.0057833195,1.8187574,1.8148725,0.0038849115,1.9346675,1.9370275,0.0023599863,2.0897977,2.0940838,0.004286051,2.1913097,2.1900625,0.0012471676
45,0.2615718,0.27048582,0.008914024,0.32526276,0.32283792,0.0024248362,0.5049239,0.50607026,0.0011463761,0.58665967,0.58459836,0.0020613074,0.77032775,0.7765561,0.0062283278,0.83246964,0.82890815,0.0035614967,0.99420613,0.99468976,0.0004836321,1.0898247,1.0906686,0.00084388256,1.1824533,1.1866474,0.0041941404,1.2620338,1.2651756,0.0031417608,1.496202,1.50076,0.004557967,1.5637524,1.5618374,0.001914978,1.7133105,1.7188938,0.0055832863,1.8184508,1.8148725,0.0035783052,1.9347191,1.9370275,0.0023083687,2.0893605,2.0940838,0.0047233105,2.1908848,2.1900625,0.0008223057
46,0.26147228,0.27048582,0.009013534,0.32502922,0.32283792,0.0021913052,0.5048157,0.50607026,0.0012545586,0.58643895,0.58459836,0.0018405914,0.77030295,0.7765561,0.0062531233,0.83226186,0.82890815,0.003353715,0.99441355,0.99468976,0.00027620792,1.0892828,1.0906686,0.001385808,1.1828566,1.1866474,0.0037908554,1.2618232,1.2651756,0.0033524036,1.4961766,1.50076,0.0045833588,1.5634527,1.5618374,0.0016152859,1.7135109,1.7188938,0.0053828955,1.8181443,1.8148725,0.0032718182,1.9347708,1.9370275,0.0022566319,2.0889232,2.0940838,0.00516057,2.1904604,2.1900625,0.0003979206
47,0.26137295,0.27048582,0.009112865,0.32479614,0.32283792,0.0019582212,0.5047077,0.50607026,0.0013625622,0.58621866,0.58459836,0.0016202927,0.7702782,0.7765561,0.006277859,0.8320543,0.82890815,0.0031461716,0.9946206,0.99468976,6.914139e-05,1.0887418,1.0906686,0.0019267797,1.1832589,1.1866474,0.003388524,1.261613,1.2564502,0.005162835,1.4961511,1.50076,0.0046088696,1.5631533,1.5618374,0.0013158321,1.7137105,1.7188938,0.00518322,1.8178381,1.8148725,0.0029655695,1.9348224,1.9370275,0.0022050142,2.0884867,2.0940838,0.0055971146,2.190036,2.1900625,2.6464462e-05
48,0.26127338,0.27048582,0.009212434,0.3245626,0.32283792,0.0017246902,0.50459945,0.50607026,0.0014708042,0.5859981,0.58459836,0.0013997555,0.7702534,0.7765561,0.0063026547,0.8318465,0.82890815,0.0029383302,0.9948281,0.99468976,0.00013834238,1.0881997,1.0906686,0.0024688244,1.1836622,1.1866474,0.002985239,1.2614025,1.2651756,0.0037730932,1.4961255,1.50076,0.0046344995,1.5628536,1.5618374,0.00101614,1.7139106,1.7188938,0.0049831867,1.8175313,1.8148725,0.002658844,1.9348742,1.9370275,0.0021532774,2.0880497,2.0940838,0.006034136,2.1896117,2.1900625,0.00045084953
49,0.2614034,0.27048582,0.009082407,0.32447022,0.32283792,0.001632303,0.5045691,0.50607026,0.001501143,0.585861,0.58459836,0.0012626648,0.77043957,0.7765561,0.0061165094,0.8317338,0.82890815,0.0028256774,0.99514425,0.99468976,0.00045448542,1.0877304,1.0906686,0.0029381514,1.1840233,1.1866474,0.002624154,1.2613279,1.2564502,0.0048776865,1.4962839,1.50076,0.0044760704,1.5627439,1.5618374,0.00090646744,1.7140324,1.7188938,0.004861355,1.8173801,1.8148725,0.0025075674,1.9351151,1.9370275,0.0019123554,2.0877411,2.0853584,0.0023827553,2.189309,2.1900625,0.0007536411
50,0.2615431,0.27048582,0.008942723,0.32438403,0.32283792,0.0015461147,0.50454223,0.50607026,0.0015280247,0.58572775,0.58459836,0.0011293888,0.7706345,0.7765561,0.0059216022,0.83162564,0.82890815,0.002717495,0.99546415,0.99468976,0.00077438354,1.0872648,1.0906686,0.0034037828,1.184382,1.1866474,0.0022654533,1.2612594,1.2564502,0.0048092604,1.4964497,1.50076,0.0043102503,1.5626428,1.5618374,0.00080537796,1.7141508,1.7188938,0.00474298,1.8172357,1.8235979,0.0063622,1.935364,1.9370275,0.0016634464,2.087439,2.0940838,0.006644726,2.1890118,2.1900625,0.0010507107
51,0.261683,0.26176047,7.748604e-05,0.3242977,0.32283792,0.0014597774,0.50451523,0.50607026,0.0015550256,0.58559424,0.58459836,0.0009958744,0.7708298,0.7765561,0.005726278,0.83151716,0.82890815,0.0026090145,0.9957845,0.99468976,0.0010947585,1.0867985,1.0906686,0.0038700104,1.1847413,1.1866474,0.0019061565,1.2611909,1.2651756,0.0039846897,1.4966159,1.50076,0.0041440725,1.5625415,1.5618374,0.00070405006,1.7142694,1.7188938,0.0046243668,1.817091,1.8235979,0.00650692,1.9356133,1.9370275,0.0014141798,2.0871365,2.0853584,0.0017781258,2.1887145,2.1900625,0.0013480186
52,0.26182288,0.26176047,6.240606e-05,0.32421133,0.32283792,0.0013734102,0.5044883,0.50607026,0.0015819669,0.5854607,0.58459836,0.00086236,0.771025,0.7765561,0.0055310726,0.8314087,0.82890815,0.002500534,0.9961051,0.99468976,0.0014153123,1.0863321,1.0906686,0.0043364763,1.1851006,1.1866474,0.0015468597,1.2611221,1.2651756,0.0040534735,1.4967821,1.50076,0.003977895,1.5624402,1.5618374,0.00060272217,1.714388,1.7188938,0.0045057535,1.8169465,1.8235979,0.0066514015,1.9358624,1.9370275,0.0011650324,2.0868337,2.0853584,0.0014753342,2.188417,2.1900625,0.001645565
53,0.26196256,0.26176047,0.00020208955,0.32412514,0.32283792,0.0012872219,0.5044614,0.50607026,0.0016088486,0.58532745,0.58459836,0.000729084,0.7712199,0.7765561,0.0053361654,0.8313004,0.82890815,0.0023922324,0.99642515,0.99468976,0.0017353892,1.0858666,1.0906686,0.0048019886,1.1854593,1.1866474,0.001188159,1.2610534,1.2564502,0.0046032667,1.4969481,1.50076,0.0038118362,1.5623391,1.5618374,0.0005016327,1.7145064,1.7188938,0.0043873787,1.8168021,1.8148725,0.0019296408,1.9361115,1.9370275,0.0009160042,2.0865316,2.0853584,0.0011732578,2.1881196,2.1900625,0.001942873
54,0.26210248,0.27048582,0.008383334,0.32406953,0.32283792,0.0012316108,0.50446844,0.50607026,0.0016018152,0.58526313,0.58459836,0.0006647706,0.77143705,0.7765561,0.0051190257,0.8311919,0.82890815,0.002283752,0.9967806,0.99468976,0.0020908117,1.0854342,1.0819433,0.0034909248,1.185854,1.1866474,0.00079345703,1.2610136,1.2564502,0.004563451,1.4971465,1.50076,0.003613472,1.5622637,1.5618374,0.00042629242,1.7146251,1.7188938,0.0042686462,1.8166578,1.8148725,0.0017852783,1.9363606,1.9370275,0.00066685677,2.086263,2.0853584,0.0009045601,2.1879103,2.181337,0.0065732
55,0.2622424,0.27048582,0.008243412,0.32403105,0.33156326,0.007532209,0.50449437,0.50607026,0.0015758872,0.5852373,0.58459836,0.0006389618,0.77166677,0.7765561,0.0048893094,0.8310835,0.82890815,0.002175331,0.9971555,0.99468976,0.002465725,1.0850209,1.0819433,0.0030776262,1.1862683,1.1866474,0.00037908554,1.2609899,1.2651756,0.0041856766,1.4973627,1.50076,0.0033972263,1.5622034,1.5618374,0.00036597252,1.7147436,1.7188938,0.004150152,1.8165131,1.8148725,0.0016405582,1.93661,1.9370275,0.00041747093,2.0860136,2.0853584,0.00065517426,2.1877496,2.181337,0.006412506
56,0.26239014,0.26176047,0.00062966347,0.32398477,0.32283792,0.001146853,0.50452185,0.50607026,0.0015484095,0.58520585,0.58459836,0.00060749054,0.7719095,0.7765561,0.0046465993,0.830993,0.82890815,0.0020848513,0.99750406,0.99468976,0.002814293,1.0845927,1.0906686,0.006075859,1.186664,1.1866474,1.6570091e-05,1.2609326,1.2651756,0.0042430162,1.4975605,1.50076,0.0031994581,1.5621479,1.5705628,0.008414984,1.7148633,1.7188938,0.004030466,1.8163631,1.8148725,0.001490593,1.9368777,1.9370275,0.00014972687,2.0857882,2.0853584,0.0004298687,2.1875627,2.1900625,0.0024998188
57,0.26257935,0.26176047,0.0008188784,0.32389814,0.32283792,0.0010602176,0.5045584,0.50607026,0.0015118718,0.58514535,0.58459836,0.0005469918,0.7722226,0.7765561,0.004333496,0.8309933,0.82890815,0.0020851493,0.99772185,0.99468976,0.0030320883,1.0840861,1.0819433,0.002142787,1.1869674,1.1866474,0.00031995773,1.2607057,1.2564502,0.004255533,1.4976658,1.50076,0.0030941963,1.56212,1.5618374,0.00028252602,1.7149907,1.7188938,0.0039030313,1.8161839,1.8148725,0.0013114214,1.9372429,1.9370275,0.00021541119,2.0856826,2.0853584,0.00032424927,2.1872394,2.1900625,0.0028231144
58,0.26276845,0.26176047,0.0010079741,0.32381144,0.32283792,0.00097352266,0.50459486,0.50607026,0.0014753938,0.58508486,0.58459836,0.0004864931,0.77253556,0.7765561,0.004020512,0.83099365,0.82890815,0.002085507,0.9979396,0.99468976,0.003249824,1.0835793,1.0819433,0.0016360283,1.1872709,1.1866474,0.0006234646,1.260479,1.2651756,0.0046966076,1.497771,1.50076,0.0029889345,1.5620921,1.5618374,0.00025463104,1.7151182,1.7188938,0.0037755966,1.8160048,1.8148725,0.0011322498,1.9376076,1.9370275,0.0005801916,2.0855772,2.0853584,0.00021886826,2.186916,2.1900625,0.00314641
59,0.26295736,0.26176047,0.0011968911,0.32372493,0.32283792,0.0008870065,0.5046312,0.50607026,0.0014390349,0.58502454,0.58459836,0.0004261732,0.7728481,0.7765561,0.0037079453,0.83099395,0.82890815,0.002085805,0.99815726,0.99468976,0.0034675002,1.0830734,1.0819433,0.0011301041,1.187574,1.1866474,0.0009266138,1.2602524,1.2651756,0.0049232244,1.497876,1.50076,0.0028839111,1.5620642,1.5618374,0.00022673607,1.7152456,1.7188938,0.003648162,1.815826,1.8148725,0.0009535551,1.9379722,1.9370275,0.0009447336,2.0854719,2.0853584,0.000113487244,2.1865933,2.1900625,0.0034692287
60,0.26354086,0.27048582,0.0069449544,0.32377955,0.32283792,0.0009416342,0.5049138,0.50607026,0.0011564493,0.58490974,0.58459836,0.00031137466,0.7733783,0.7765561,0.003177762,0.8308583,0.82890815,0.0019501448,0.99798846,0.99468976,0.0032986999,1.0825462,1.0819433,0.0006029606,1.1876993,1.1866474,0.0010519028,1.2599316,1.2651756,0.0052440166,1.4977921,1.50076,0.0029678345,1.5613582,1.5618374,0.00047922134,1.7148999,1.7188938,0.003993869,1.8149291,1.8148725,5.6624413e-05,1.9378651,1.9370275,0.0008376837,2.0847282,2.0853584,0.0006301403,2.1859682,2.1900625,0.0040943623
61,0.2637422,0.27048582,0.00674361,0.32360634,0.32283792,0.0007684231,0.50476027,0.50607026,0.0013099909,0.58460546,0.58459836,7.0929527e-06,0.7734969,0.7765561,0.0030591488,0.83059007,0.82890815,0.0016819239,0.99754524,0.99468976,0.0028554797,1.0818272,1.0819433,0.00011610985,1.1876694,1.1866474,0.0010219812,1.2593977,1.2564502,0.002947569,1.4973778,1.50076,0.003382206,1.5604601,1.5618374,0.0013773441,1.7142688,1.7188938,0.004624963,1.8139883,1.8148725,0.0008841753,1.9376732,1.9370275,0.0006457567,2.0837314,2.0853584,0.0016269684,2.1851017,2.1900625,0.0049607754
62,0.26408955,0.27048582,0.006396264,0.32363236,0.32283792,0.0007944405,0.5046437,0.50607026,0.0014265776,0.5843769,0.575873,0.008503854,0.7738665,0.7765561,0.0026896,0.8305029,0.82890815,0.0015947819,0.9971618,0.99468976,0.002472043,1.0817096,1.0819433,0.00023365021,1.188199,1.1866474,0.0015516281,1.2595245,1.2564502,0.0030742884,1.4973491,1.50076,0.0034108162,1.5601473,1.5618374,0.0016901493,1.714045,1.7101684,0.003876686,1.8135306,1.8148725,0.001341939,1.9380924,1.9370275,0.0010648966,2.083558,2.0853584,0.0018002987,2.1851895,2.181337,0.0038523674
63,0.26443747,0.27048582,0.0060483515,0.32365853,0.32283792,0.00082060695,0.5045268,0.50607026,0.0015434623,0.58414793,0.575873,0.008274913,0.77423644,0.7765561,0.002319634,0.8304154,0.82890815,0.0015072823,0.9967778,0.99468976,0.0020880103,1.081592,1.0906686,0.009076595,1.1887295,1.1953728,0.0066432953,1.2596515,1.2564502,0.0032013655,1.4973202,1.50076,0.003439784,1.559834,1.5618374,0.0020034313,1.7138209,1.7188938,0.005072832,1.813072,1.8148725,0.0018005371,1.938512,1.9370275,0.0014845133,2.083384,2.0853584,0.0019743443,2.185277,2.1900625,0.0047855377
64,0.26478535,0.27048582,0.005700469,0.32368454,0.32283792,0.0008466244,0.50441,0.50607026,0.0016602278,0.5839189,0.575873,0.008045912,0.7746064,0.7765561,0.0019496679,0.83032805,0.82890815,0.0014199018,0.99639386,0.99468976,0.0017040968,1.0814742,1.0819433,0.00046908855,1.18926,1.1953728,0.006112814,1.2597784,1.2564502,0.0033282042,1.4972913,1.50076,0.0034686327,1.5595205,1.5618374,0.0023169518,1.7135967,1.7101684,0.00342834,1.8126131,1.8148725,0.0022593737,1.9389317,1.9370275,0.0019042492,2.08321,2.0853584,0.0021483898,2.1853642,2.181337,0.004027128
65,0.26513273,0.27048582,0.005353093,0.32371056,0.32283792,0.0008726418,0.5042933,0.50607026,0.0017769337,0.5836903,0.575873,0.007817268,0.7749759,0.7765561,0.0015801787,0.8302408,0.82890815,0.0013326406,0.9960102,0.9859644,0.010045767,1.0813566,1.0819433,0.0005866289,1.1897898,1.1866474,0.0031423569,1.2599051,1.2564502,0.0034549236,1.4972626,1.50076,0.0034973621,1.5592077,1.5618374,0.002629757,1.7133728,1.7101684,0.003204465,1.8121552,1.8148725,0.0027172565,1.9393508,1.9370275,0.002323389,2.0830362,2.0853584,0.002322197,2.1854517,2.181337,0.004114628
66,0.26548058,0.27048582,0.0050052404,0.32373664,0.32283792,0.00089871883,0.5041765,0.50607026,0.0018937588,0.5834613,0.575873,0.0075882673,0.77534604,0.7765561,0.0012100339,0.83015347,0.82890815,0.0012453198,0.9956262,0.99468976,0.0009364486,1.081239,1.0819433,0.0007042885,1.1903203,1.1953728,0.0050525665,1.2600322,1.2564502,0.0035820007,1.4972335,1.50076,0.0035264492,1.5588946,1.5618374,0.0029428005,1.7131487,1.7101684,0.0029803514,1.8116966,1.8148725,0.0031758547,1.9397705,1.9370275,0.0027430058,2.082862,2.0853584,0.002496481,2.1855395,2.181337,0.004202366
67,0.26582855,0.27048582,0.0046572685,0.32376274,0.32283792,0.00092482567,0.50405973,0.50607026,0.0020105243,0.5832324,0.575873,0.0073593855,0.77571607,0.7852814,0.009565353,0.8300661,0.82890815,0.0011579394,0.9952421,0.99468976,0.00055235624,1.0811212,1.0819433,0.00082206726,1.1908509,1.1953728,0.004521966,1.2601591,1.2564502,0.0037089586,1.4972047,1.50076,0.0035552979,1.5585814,1.5618374,0.0032560825,1.7129247,1.7188938,0.0059690475,1.8112379,1.8148725,0.003634572,1.9401902,1.9457527,0.005562544,2.0826883,2.0853584,0.0026700497,2.1856272,2.181337,0.004290104
68,0.26617587,0.27048582,0.0043099523,0.32378876,0.32283792,0.0009508431,0.503943,0.50607026,0.0021272302,0.58300376,0.575873,0.007130742,0.77608556,0.7852814,0.009195864,0.8299788,0.82890815,0.0010706782,0.9948588,0.9859644,0.008894384,1.0810037,1.0819433,0.0009396076,1.1913805,1.1953728,0.003992319,1.260286,1.2564502,0.0038357973,1.4971758,1.50076,0.0035841465,1.5582685,1.5618374,0.0035688877,1.7127008,1.7188938,0.0061929226,1.81078,1.8148725,0.004092455,1.9406093,1.9457527,0.005143404,2.0825145,2.0853584,0.0028438568,2.1857145,2.181337,0.004377365
69,0.26652378,0.27048582,0.00396204,0.3238148,0.32283792,0.0009768903,0.5038262,0.50607026,0.0022440553,0.58277476,0.575873,0.006901741,0.7764556,0.7852814,0.008825839,0.82989144,0.82890815,0.0009832978,0.9944746,0.99468976,0.00021517277,1.080886,1.0819433,0.0010572672,1.1919109,1.1953728,0.003461957,1.2604126,1.2564502,0.0039623976,1.4971471,1.50076,0.003612876,1.5579553,1.5618374,0.0038821697,1.7124765,1.7188938,0.0064172745,1.8103215,1.8148725,0.004551053,1.9410291,1.9457527,0.004723668,2.0823405,2.0853584,0.0030179024,2.185802,2.1900625,0.00426054
70,0.2668717,0.27048582,0.0036141276,0.32384092,0.32283792,0.0010029972,0.50370944,0.50607026,0.0023608208,0.5825459,0.575873,0.006672859,0.7768257,0.7852814,0.008455694,0.8298041,0.82890815,0.000895977,0.9940907,0.99468976,0.0005990863,1.0807682,1.0819433,0.001175046,1.1924416,1.1953728,0.0029312372,1.2605397,1.2564502,0.0040894747,1.4971181,1.50076,0.0036418438,1.557642,1.5618374,0.0041954517,1.7122525,1.7188938,0.0066412687,1.8098629,1.8148725,0.005009651,1.9414489,1.9457527,0.004303813,2.0821664,2.0853584,0.003191948,2.1858895,2.1900625,0.0041730404
71,0.26721904,0.27048582,0.0032667816,0.32386696,0.32283792,0.0010290444,0.5035927,0.50607026,0.0024775267,0.58231723,0.575873,0.006444216,0.7771951,0.7852814,0.008086324,0.82971686,0.82890815,0.0008087158,0.99370724,0.99468976,0.000982523,1.0806506,1.0819433,0.0012927055,1.1929712,1.1953728,0.0024015903,1.2606666,1.2564502,0.0042164326,1.4970893,1.50076,0.0036706924,1.5573292,1.5618374,0.004508257,1.7120287,1.7188938,0.0068650246,1.8094049,1.8148725,0.0054676533,1.941868,1.9457527,0.0038847923,2.0819929,2.0853584,0.0033655167,2.185977,2.1900625,0.004085541
72,0.26756695,0.27048582,0.0029188693,0.32389304,0.32283792,0.0010551214,0.50347596,0.50607026,0.0025942922,0.5820883,0.575873,0.0062152743,0.77756524,0.7852814,0.007716179,0.8296295,0.82890815,0.0007213354,0.99332327,0.9859644,0.007358849,1.0805329,1.0819433,0.0014103651,1.1935017,1.1953728,0.001871109,1.2607936,1.2564502,0.0043433905,1.4970604,1.50076,0.003699541,1.5570159,1.5618374,0.004821539,1.7118045,1.7188938,0.0070892572,1.8089463,1.8061472,0.0027990341,1.9422876,1.9457527,0.0034651756,2.0818188,2.0853584,0.0035395622,2.1860645,2.1900625,0.003998041
73,0.2679148,0.27048582,0.0025710166,0.3239191,0.32283792,0.0010811687,0.50335914,0.50607026,0.0027111173,0.5818593,0.575873,0.0059862733,0.7779351,0.7852814,0.007346332,0.8295421,0.82890815,0.000633955,0.9929392,0.9859644,0.0069747567,1.0804152,1.0819433,0.0015280247,1.1940323,1.1953728,0.0013405085,1.2609205,1.2564502,0.0044703484,1.4970315,1.50076,0.003728509,1.5567026,1.5618374,0.005134821,1.7115804,1.7188938,0.0073133707,1.8084877,1.8061472,0.002340436,1.9427074,1.9457527,0.0030453205,2.0816448,2.0853584,0.0037136078,2.186152,2.181337,0.004814863
74,0.26826218,0.27048582,0.0022236407,0.32394516,0.32283792,0.0011072457,0.5032425,0.50607026,0.0028277636,0.58163065,0.575873,0.00575763,0.7783045,0.7852814,0.0069769025,0.82945484,0.82890815,0.0005466938,0.99255574,0.99468976,0.002134025,1.0802976,1.0819433,0.0016456842,1.1945618,1.1953728,0.0008109808,1.2610471,1.2564502,0.0045969486,1.4970027,1.50076,0.0037572384,1.5563898,1.5618374,0.005447626,1.7113565,1.7188938,0.0075372458,1.8080295,1.8061472,0.0018823147,1.9431264,1.9457527,0.0026262999,2.0814714,2.0853584,0.003886938,2.1862395,2.181337,0.004902363
75,0.2686101,0.27048582,0.0018757284,0.3239712,0.32283792,0.0011332929,0.50312567,0.50607026,0.0029445887,0.58140165,0.575873,0.005528629,0.7786748,0.7852814,0.0066066384,0.82936746,0.82890815,0.0004593134,0.9921714,0.9859644,0.0062069893,1.0801799,1.0819433,0.0017633438,1.1950923,1.1953728,0.00028049946,1.2611742,1.2564502,0.0047240257,1.4969738,1.4920347,0.0049390793,1.5560765,1.5531121,0.0029643774,1.7111323,1.7101684,0.0009639263,1.807571,1.8061472,0.0014238358,1.9435462,1.9457527,0.002206564,2.0812972,2.0853584,0.004061222,2.186327,2.181337,0.0049898624
76,0.26895797,0.27048582,0.0015278459,0.32399732,0.32283792,0.0011593997,0.50300884,0.50607026,0.0030614138,0.58117276,0.575873,0.005299747,0.7790446,0.7765561,0.0024885535,0.8292801,0.82890815,0.00037193298,0.9917877,0.9859644,0.0058232546,1.0800623,1.0819433,0.0018810034,1.1956229,1.1953728,0.0002501011,1.2613012,1.2564502,0.0048509836,1.4969449,1.4920347,0.0049102306,1.5557632,1.5531121,0.0026510954,1.7109082,1.7188938,0.007985592,1.8071123,1.8061472,0.0009651184,1.943966,1.9457527,0.0017867088,2.0811236,2.076633,0.004490614,2.1864147,2.181337,0.0050776005
77,0.2693053,0.27048582,0.0011805296,0.32402334,0.32283792,0.0011854172,0.5028922,0.50607026,0.00317806,0.5809441,0.575873,0.0050711036,0.7794141,0.7852814,0.0058673024,0.82919276,0.82890815,0.00028461218,0.991404,0.9859644,0.0054395795,1.0799447,1.0819433,0.0019985437,1.1961526,1.2040981,0.007945538,1.2614279,1.2564502,0.004977703,1.496916,1.50076,0.0038439035,1.5554504,1.5531121,0.0023382902,1.7106843,1.7101684,0.0005159378,1.8066545,1.8061472,0.0005072355,1.9443849,1.9457527,0.0013678074,2.0809495,2.0853584,0.0044088364,2.1865022,2.1900625,0.0035603046
78,0.26965323,0.27048582,0.0008325875,0.3240494,0.32283792,0.0012114942,0.50277543,0.50607026,0.0032948256,0.5807152,0.575873,0.004842162,0.77978426,0.7852814,0.0054971576,0.8291055,0.82890815,0.00019735098,0.99102,0.9859644,0.0050556064,1.079827,1.0819433,0.0021163225,1.1966829,1.2040981,0.0074151754,1.2615548,1.2564502,0.005104661,1.4968872,1.50076,0.0038727522,1.5551372,1.5531121,0.0020250082,1.7104603,1.7101684,0.00029194355,1.8061959,1.8061472,4.863739e-05,1.9448048,1.9457527,0.00094795227,2.080776,2.0853584,0.004582405,2.1865897,2.1900625,0.003472805
79,0.2700011,0.27921116,0.00921005,0.32407552,0.33156326,0.007487744,0.50265855,0.50607026,0.0034117103,0.58048624,0.575873,0.0046132207,0.7801543,0.7852814,0.005127132,0.82901806,0.82890815,0.000109910965,0.990636,0.9859644,0.0046715736,1.0797092,1.0819433,0.0022341013,1.1972135,1.2040981,0.006884575,1.2616818,1.2564502,0.005231619,1.4968582,1.50076,0.00390172,1.5548239,1.5531121,0.0017117262,1.7102361,1.7101684,6.771088e-05,1.8057371,1.8061472,0.00041007996,1.9452245,1.9457527,0.00052821636,2.0806017,2.0853584,0.004756689,2.1866772,2.1900625,0.0033853054
80,0.27034846,0.27921116,0.008862704,0.32410154,0.33156326,0.0074617267,0.5025419,0.50607026,0.0035283566,0.5802576,0.575873,0.0043845773,0.7805237,0.7852814,0.0047577024,0.82893085,0.82890815,2.270937e-05,0.9902527,0.99468976,0.004437089,1.0795916,1.0819433,0.0023516417,1.1977433,1.2040981,0.006354809,1.2618084,1.2564502,0.005358219,1.4968294,1.50076,0.0039305687,1.5545111,1.5531121,0.001398921,1.7100123,1.7101684,0.00015604496,1.8052793,1.8061472,0.00086796284,1.9456435,1.9457527,0.00010919571,2.0804281,2.0853584,0.004930258,2.1867645,2.1900625,0.0032980442
81,0.27069637,0.27048582,0.00021055341,0.32412758,0.33156326,0.0074356794,0.50242513,0.49734488,0.005080253,0.58002865,0.575873,0.004155636,0.78089374,0.7852814,0.0043876767,0.8288435,0.82890815,6.467104e-05,0.98986846,0.9859644,0.0039040446,1.079474,1.0819433,0.0024693012,1.1982739,1.2040981,0.0058242083,1.2619356,1.2564502,0.0054854155,1.4968007,1.50076,0.003959298,1.554198,1.5531121,0.0010858774,1.7097882,1.7101684,0.00038015842,1.8048207,1.8061472,0.001326561,1.9460632,1.9457527,0.000310421,2.080254,2.076633,0.0036211014,2.1868522,2.1900625,0.0032103062
82,0.27104425,0.27921116,0.008166909,0.3241537,0.33156326,0.0074095726,0.50230825,0.50607026,0.0037620068,0.57979965,0.575873,0.003926635,0.7812638,0.7852814,0.0040175915,0.8287561,0.82890815,0.00015205145,0.9894845,0.9859644,0.0035200715,1.0793562,1.0819433,0.00258708,1.1988043,1.2040981,0.005293846,1.2620625,1.2651756,0.0031130314,1.4967717,1.50076,0.003988266,1.5538847,1.5531121,0.0007725954,1.7095639,1.7101684,0.0006045103,1.804362,1.8061472,0.0017851591,1.946483,1.9457527,0.0007302761,2.0800803,2.0853584,0.0052781105,2.1869397,2.1900625,0.0031228065
83,0.2713916,0.27921116,0.007819563,0.3241797,0.33156326,0.007383555,0.50219166,0.50607026,0.0038785934,0.57957107,0.575873,0.003698051,0.7816334,0.7852814,0.0036480427,0.82866883,0.82890815,0.00023931265,0.98910105,0.9859644,0.0031366348,1.0792387,1.0819433,0.0027046204,1.1993339,1.2040981,0.0047641993,1.2621893,1.2651756,0.002986312,1.496743,1.50076,0.0040169954,1.5535719,1.5531121,0.00045979023,1.7093401,1.7101684,0.00082826614,1.8039042,1.8061472,0.002243042,1.9469019,1.9457527,0.0011491776,2.0799067,2.0853584,0.005451679,2.187027,2.1900625,0.0030355453
84,0.27173954,0.27048582,0.0012537241,0.3242058,0.33156326,0.007357478,0.50207484,0.50607026,0.0039954185,0.57934207,0.575873,0.00346905,0.78200334,0.7852814,0.0032780766,0.82858145,0.82890815,0.00032669306,0.98871696,0.9859644,0.0027525425,1.079121,1.0819433,0.00282228,1.1998644,1.2040981,0.004233718,1.2623162,1.2651756,0.002859354,1.4967141,1.50076,0.004045844,1.5532584,1.5531121,0.0001462698,1.709116,1.7101684,0.0010523796,1.8034455,1.8061472,0.0027017593,1.9473218,1.9457527,0.0015690327,2.0797327,2.076633,0.00309968,2.1871147,2.1900625,0.0029478073
85,0.27208742,0.27048582,0.0016016066,0.32424295,0.32283792,0.0014050305,0.5019438,0.50607026,0.0041264296,0.57911307,0.575873,0.003240049,0.7823622,0.7852814,0.002919197,0.8284818,0.82890815,0.00042635202,0.988351,0.9859644,0.00238657,1.078991,1.0819433,0.002952218,1.2003962,1.2040981,0.0037019253,1.2624543,1.2564502,0.006004095,1.4966946,1.50076,0.0040653944,1.5529647,1.5531121,0.00014746189,1.7089062,1.7101684,0.001262188,1.8029861,1.8061472,0.0031610727,1.9477415,1.9457527,0.0019887686,2.079573,2.076633,0.0029399395,2.1872127,2.1900625,0.0028498173
86,0.27243477,0.27048582,0.0019489527,0.32430628,0.33156326,0.0072569847,0.50177956,0.50607026,0.0042907,0.5788845,0.575873,0.003011465,0.7826936,0.7852814,0.0025877953,0.82835305,0.82890815,0.00055509806,0.988029,0.9859644,0.0020645857,1.0788325,1.0819433,0.0031107664,1.2009295,1.2040981,0.003168583,1.2626183,1.2651756,0.0025572777,1.4966974,1.50076,0.0040625334,1.5527172,1.5531121,0.00039494038,1.7087308,1.7101684,0.0014375448,1.8025265,1.8061472,0.0036207438,1.9481604,1.9457527,0.00240767,2.0794475,2.076633,0.0028145313,2.187335,2.1900625,0.0027275085
87,0.27278268,0.27921116,0.00642848,0.32436964,0.32283792,0.0015317202,0.5016151,0.49734488,0.0042702258,0.57865554,0.575873,0.0027825236,0.7830258,0.7852814,0.0022556186,0.8282242,0.82890815,0.0006839633,0.9877062,0.9772391,0.010467112,1.0786737,1.0819433,0.0032695532,1.2014639,1.2040981,0.0026341677,1.2627826,1.2564502,0.0063323975,1.4967004,1.50076,0.004059553,1.5524695,1.5531121,0.0006426573,1.7085555,1.7101684,0.0016129017,1.802066,1.7974218,0.0046441555,1.9485801,1.9544781,0.005897999,2.079322,2.076633,0.0026891232,2.1874576,2.181337,0.0061204433
88,0.27313057,0.27921116,0.0060805976,0.32443306,0.32283792,0.0015951395,0.50145066,0.49734488,0.0041057765,0.5784266,0.575873,0.0025535822,0.78335786,0.7852814,0.0019235611,0.82809526,0.82890815,0.00081288815,0.98738366,0.9859644,0.0014192462,1.078515,1.0819433,0.0034282207,1.2019984,1.2040981,0.0020997524,1.262947,1.2564502,0.006496787,1.4967031,1.50076,0.0040568113,1.5522218,1.5531121,0.0008903742,1.7083797,1.7101684,0.0017886162,1.8016053,1.8061472,0.004541874,1.949,1.9544781,0.0054781437,2.0791962,2.076633,0.0025632381,2.18758,2.181337,0.0062429905
89,0.2734779,0.27921116,0.0057332516,0.3244963,0.32283792,0.00165838,0.5012864,0.49734488,0.003941506,0.57819796,0.575873,0.0023249388,0.7836894,0.7852814,0.0015920401,0.8279666,0.82890815,0.0009415746,0.9870613,0.9772391,0.009822249,1.0783566,1.0819433,0.00358665,1.2025318,1.2040981,0.0015662909,1.2631109,1.2564502,0.0066607,1.496706,1.4920347,0.004671335,1.5519743,1.5531121,0.0011378527,1.7082044,1.7101684,0.001963973,1.8011456,1.7974218,0.0037237406,1.949419,1.9544781,0.005059123,2.079071,2.076633,0.0024380684,2.1877024,2.181337,0.006365299
90,0.2738258,0.27921116,0.005385369,0.3245597,0.32283792,0.0017217696,0.501122,0.49734488,0.0037771165,0.57796896,0.575873,0.0020959377,0.78402144,0.7852814,0.0012599826,0.8278377,0.82890815,0.0010704398,0.98673874,0.9859644,0.00077432394,1.0781978,1.0732179,0.004979968,1.2030662,1.2040981,0.0010318756,1.2632751,1.2564502,0.0068249702,1.496709,1.4920347,0.0046743155,1.5517266,1.5531121,0.0013855696,1.7080289,1.7101684,0.0021394491,1.800685,1.7974218,0.003263235,1.9498388,1.9544781,0.004639387,2.0789454,2.076633,0.0023124218,2.1878254,2.181337,0.006488323
91,0.2741737,0.27921116,0.0050374568,0.32462308,0.32283792,0.0017851591,0.5009575,0.49734488,0.0036126077,0.57774,0.575873,0.0018669963,0.7843535,0.7852814,0.0009279251,0.82770884,0.82890815,0.001199305,0.986416,0.9859644,0.0004515648,1.0780392,1.0819433,0.0039041042,1.2036005,1.2128235,0.009222984,1.2634394,1.2564502,0.0069892406,1.4967119,1.50076,0.004048109,1.5514789,1.5531121,0.0016332865,1.7078533,1.7101684,0.0023150444,1.8002243,1.7974218,0.0028024912,1.9502584,1.9544781,0.0042197704,2.0788198,2.0853584,0.0065386295,2.1879478,2.1900625,0.0021147728
92,0.27452108,0.27921116,0.004690081,0.32468638,0.32283792,0.0018484592,0.5007932,0.49734488,0.0034483373,0.57751137,0.575873,0.0016383529,0.7846852,0.7852814,0.00059622526,0.82758015,0.82890815,0.0013279915,0.98609376,0.9859644,0.00012934208,1.0778806,1.0819433,0.0040626526,1.204134,1.2128235,0.008689523,1.2636036,1.2564502,0.007153392,1.4967147,1.50076,0.004045248,1.5512314,1.5531121,0.001880765,1.707678,1.7101684,0.0024904013,1.7997646,1.7974218,0.0023428202,1.9506776,1.9544781,0.0038005114,2.0786943,2.0853584,0.0066640377,2.1880703,2.1900625,0.0019922256
93,0.27486897,0.27921116,0.0043421984,0.3247498,0.32283792,0.0019118786,0.50062877,0.49734488,0.003283888,0.57728237,0.575873,0.0014093518,0.7850171,0.7852814,0.0002643466,0.8274512,0.82890815,0.0014569163,0.98577094,0.9859644,0.00019347668,1.0777218,1.0819433,0.0042214394,1.2046684,1.2128235,0.0081551075,1.263768,1.2564502,0.0073177814,1.4967176,1.50076,0.004042387,1.5509837,1.5531121,0.0021284819,1.7075022,1.7101684,0.0026661158,1.799304,1.7974218,0.0018821955,1.9510972,1.9544781,0.0033808947,2.0785685,2.0853584,0.0067899227,2.1881928,2.1900625,0.0018696785
94,0.2752169,0.27921116,0.0039942563,0.3248132,0.32283792,0.0019752681,0.5004644,0.49734488,0.0031194985,0.57705337,0.575873,0.0011803508,0.78534925,0.7852814,6.7830086e-05,0.8273225,0.82890815,0.0015856624,0.98544824,0.9859644,0.0005161762,1.0775632,1.0819433,0.004380107,1.2052027,1.2128235,0.0076208115,1.2639321,1.2564502,0.0074819326,1.4967206,1.50076,0.004039407,1.550736,1.5531121,0.0023761988,1.7073269,1.7101684,0.0028414726,1.7988436,1.7974218,0.0014218092,1.951517,1.9544781,0.0029611588,2.0784433,2.0853584,0.0069150925,2.1883152,2.1900625,0.0017473698
95,0.27556422,0.27921116,0.00364694,0.32487643,0.32283792,0.0020385087,0.50030005,0.49734488,0.0029551685,0.5768247,0.575873,0.00095170736,0.78568065,0.79400676,0.008326113,0.82719374,0.82890815,0.0017144084,0.9851261,0.9772391,0.007887006,1.0774046,1.0819433,0.0045386553,1.205736,1.2128235,0.007087469,1.2640961,1.2651756,0.0010794401,1.4967234,1.50076,0.0040365458,1.5504885,1.5531121,0.0026236773,1.7071515,1.7101684,0.0030168295,1.7983838,1.7974218,0.00096201897,1.9519361,1.9544781,0.002542019,2.0783179,2.0853584,0.0070405006,2.1884377,2.1900625,0.0016248226
96,0.2759121,0.27921116,0.0032990575,0.32493985,0.32283792,0.002101928,0.5001356,0.49734488,0.0027907193,0.57659584,0.575873,0.0007228255,0.7860128,0.79400676,0.007993937,0.8270648,0.82890815,0.0018433332,0.9848033,0.9772391,0.0075642467,1.077246,1.0819433,0.004697323,1.2062705,1.2128235,0.006553054,1.2642603,1.2651756,0.0009152889,1.4967264,1.50076,0.0040335655,1.5502405,1.5531121,0.0028716326,1.7069757,1.7101684,0.0031926632,1.7979231,1.7974218,0.00050127506,1.9523557,1.9544781,0.0021224022,2.0781922,2.0853584,0.007166147,2.1885602,2.1900625,0.0015022755
97,0.27626005,0.27921116,0.0029511154,0.32500324,0.32283792,0.0021653175,0.49996507,0.50607026,0.0061051846,0.576366,0.575873,0.00049299,0.7863448,0.79400676,0.0076619387,0.8269359,0.82890815,0.001972258,0.98447347,0.9859644,0.0014909506,1.0770872,1.0819433,0.0048561096,1.2068123,1.2128235,0.0060112476,1.2644306,1.2651756,0.00074493885,1.4967227,1.50076,0.004037261,1.5499847,1.5531121,0.0031274557,1.7068001,1.7101684,0.0033682585,1.7974626,1.7974218,4.0769577e-05,1.9527756,1.9544781,0.0017025471,2.0780666,2.0853584,0.007291794,2.188683,2.1900625,0.0013794899
98,0.27660736,0.27921116,0.002603799,0.32506648,0.32283792,0.002228558,0.49977168,0.49734488,0.002426803,0.57613283,0.575873,0.00025981665,0.78667647,0.79400676,0.0073302984,0.8268072,0.82890815,0.0021009445,0.98411644,0.9859644,0.0018479824,1.0769287,1.0819433,0.0050145388,1.2073821,1.2128235,0.005441427,1.2646245,1.2651756,0.00055110455,1.4966948,1.50076,0.004065156,1.5496981,1.5531121,0.0034140348,1.7066249,1.7101684,0.0035434961,1.7970027,1.7974218,0.00041913986,1.9531945,1.9544781,0.0012836456,2.0779412,2.0853584,0.007417202,2.1888058,2.1900625,0.0012567043
99,0.27695525,0.27921116,0.0022559166,0.32512987,0.33156326,0.0064333975,0.49957803,0.49734488,0.0022331476,0.57589936,0.575873,2.6345253e-05,0.7870085,0.79400676,0.006998241,0.82667834,0.82890815,0.0022298098,0.9837591,0.9859644,0.0022053123,1.07677,1.0819433,0.0051733255,1.2079526,1.2128235,0.0048708916,1.2648181,1.2651756,0.00035750866,1.4966669,1.50076,0.004093051,1.5494113,1.5531121,0.0037008524,1.7064493,1.7101684,0.0037190914,1.7965424,1.7974218,0.0008794069,1.9536144,1.9544781,0.0008637905,2.0778155,2.0853584,0.0075428486,2.1889288,2.1900625,0.0011336803
